INSERT INTO Adresse
VALUES (1, '40227', 'NRW', 'Duesseldorf', 'Eisenstr.', 98),
       (2, '74087', 'Niedersachsen', 'Walsrode', 'Richard-Zimmermann-Str.', 56),
       (3, '94873', 'Sachsen-Anhalt', 'Bernburg', 'Am Freiberg', 188),
       (4, '90227', 'Niedersachsen', 'Altenberg', 'Am Stadion', 156),
       (5, '55585', 'Rheinland-Pfalz', 'Duchroth', 'Brandenburgische Str.', 140),
       (6, '96247', 'Bayern', 'Michelau', 'Borstelmannsweg', 67),
       (7, '40227', 'NRW', 'Bad Suelze', 'Koenigstr.', 39),
       (8, '18329', 'Mecklenburg-Vorpommern', 'Rostock', 'Eisenstrasse', 98),
       (9, '56424', 'Rheinland-Pfalz', 'Ebernhahn', 'Storkower Str.', 137),
       (10, '80058', 'Bayern', 'Muechen', 'Landsberger Allee', 43),
       (11, '88696', 'Baden-Wuerttemberg', 'Owingen', 'Hedemannstr.', 40),
       (12, '22529', 'Hamburg', 'Hamburg Lokstedt', 'Fasanenstr.', 77),
       (13, '25821', 'Schleswig-Holstein', 'Almdorf', 'Hochstr.', 18),
       (14, '09614', 'Sachsen', 'Brand-Erbisdorf', 'Pappelallee', 61),
       (15, '02892', 'Sachsen', 'Reichenbach', 'Schaarsteinweg', 21),
       (16, '31552', 'Niedersachsen', 'Apelern', 'Luckenwalder Str.', 119),
       (17, '04741', 'Sachsen', 'Gersdorf', 'Hoheluftchaussee', 113),
       (18, '21398', 'Niedersachsen', 'Neetze', 'Lietzenburger Str.', 72),
       (19, '66675', 'Freistaat Thueringen', 'Losheim', 'Hallesches Ufer', 54),
       (20, '53520', 'Rheinland-Pfalz', 'Winnerath', 'Augsburger Str.', 81),
       (21, '56379', 'Rheinland-Pfalz', 'Zimmerschied', 'Storkower Str.', 40),
       (22, '90230', 'Bayern', 'Nuernberg', 'Kantstra.', 137),
       (23, '67435', 'Rheinland-Pfalz', 'Neustadt an der Weinstrasse Gimmeldingen', 'Invalidenstr.', 72),
       (24, '76596', 'Baden-Wuerttemberg', 'Forbach', 'Pasewalker Str.', 81),
       (25, '89601', 'Baden-Wuerttemberg', 'Schelklingen', 'Mohrenstr.', 19),
       (26, '76596', 'NRW', 'Essen', 'Universitaetstr.', 11),
       (27, '37539', 'Niedersachsen', 'Windhausen', 'Pohlstr.', 34),
       (28, '97466', 'Bayern', 'Gochsheim', 'Paul-Nevermann-Platz', 48),
       (29, '21075', 'Hamburg', 'Hamburg Eissendorf', 'Boxhagener Str.', 53),
       (30, '12355', 'Berlin', 'Berlin Rudow', 'Genslerstr.', 65),
       (31, '45768', 'NRW', 'Marl', 'Knesebeckstr.', 53),
       (32, '84457', 'Bayern', 'Jettenbach', 'Hardenbergstr.', 114),
       (33, '01579', 'Sachsen', 'Riesa', 'Junkerstr.', 114),
       (34, '84510', 'Bayern', 'Toeging', 'Kieler Str.', 97),
       (35, '22149', 'Hamburg', 'Hamburg Rahlstedt', 'Fasanenstr', 63),
       (36, '66558', 'Thueringen', 'Ottweiler', 'Stresemannstr.', 48),
       (37, '25543', 'Schleswig-Holstein', 'Kellinghusen', 'An Der Urania', 54),
       (38, '99882', 'Thueringen', 'Ohrdruf', 'Heinrich Heine Platz', 105),
       (39, '06512', 'Sachsen-Anhalt', 'Sangerhausen', 'Flotowstr.', 77),
       (40, '81803', 'Bayern', 'Muenchen', 'Lange Str.', 135);

INSERT INTO Nutzer
VALUES ('aPLaPYmYbtD', 'hapaviv555@latovic.com', 'AB123456', 40),
       ('ZsBtLZkEDXy', 'rarucrijatte7261@yopmail.com', 'JH12346', 32),
       ('wYKqgEW', 'grurassivoilla7482@yopmail.com', 'BBa23456', 11),
       ('DXDk7ag', 'taquezigeufe6834@yopmail.com', 'CQ123456', 9),
       ('W0w9SzwuLKX3o', 'klenovaja@playfuny.com', 'AQ123456', 4),
       ('9eVrcN6DCjuxw', 'vivatermc@archfreshfiles.site', 'QH12346', 3),
       ('0F6p99E2ihzQc', 'silxsin@texasaol.com', 'BBQ3456', 1),
       ('ulgv4Pxtc8Giq', 'caramelcream203@nwhsii.com', 'CQ3456', 19),
       ('dJZh3shDeJ9', 'kirpih@docx.press', 'AT3456', 31),
       ('5Dwehd^Vzqu*M', '4qw@affogatgaroth.com', 'TH12346', 24),
       ('zuPT2', 'kuptcovaka@professionalgo.live', 'BT3456', 2),
       ('YJUwuvNTweyPa', 'chalaguzelyurur@bukan.es', 'Cc12T456', 29),
       ('Nbf2YKPprY', 'indayb@adaov.com', 'Aa12345T', 37),
       ('TezDj7XbEv', 'jocurosu@docx.site', 'asJHT346', 34),
       ('9sENzAhFc', 'aratro@pickuplanet.com', 'BBT56', 16),
       ('RmCMEe2eZ33j', 'inesssaprincesssa@pseyusv.com', 'DF7654', 21),
       ('EjUfE3wMWJSreqGs5p', 'babyfbi@prcej.site', 'AaT56', 4),
       ('GkU93RUBsAkhMmnZyq', 'aliciachantel1@eiibps.com', 'asJH1Z46', 5),
       ('12314wYKqgEW', 'servisavk@vicceo.com', 'BBa234Z', 6),
       ('9880DXDk7ag', 'bud4colin19@ebialrh.com', 'Cc1U456', 7),
       ('afaW0w9SzwuLKX3o', 'kld0869@beefnomination.info', 'Aa123U', 36),
       ('349eVrcN6DCjxw', 'zigkrae1@visieonl.com', 'ZU2346', 35),
       ('5520F6p992ihzQc', 'pogiirina@pickuplanet.com', 'IU456', 13),
       ('153ulgPxtc8Giq', 'baobid83@archnicebook.site', 'CU3456', 12),
       ('asddJZh3shDeJ9', 'igorgrohovv@tunhide.com', 'Aa12Z56', 10),
       ('345Dwehd^Vzqu*M', 'feathe@txtm.site', 'UIR346', 17),
       ('!uPT2', 'kiliiev@otlaecc.com', 'BBa2R456', 26),
       ('3YJUwuvNTweyPa', 'debbrose@3kk43.com', 'Cc12G56', 22),
       ('sNbfKPprY', 'ictgh@drhinoe.com', 'Aa12H6', 23),
       ('!Tej7XbEv', 'tongb@txtim.site', 'asJH1ZZ', 8),
       ('h9ENzAhFc', '96cady@baanr.com', 'BBa23TZ6', 14),
       ('tmCMEe2eZ33j', 'waete91@visieonl.com', 'abDF7654', 15),
       ('15lgv4Pxtc8Giq', 'babaid83@archnicebook.site', 'Cc1Z56', 12),
       ('a4252J9', 'hov@tunhide.com', 'AaiI3006', 26),
       ('&wehd^Vzqu*M', 'fer@txtm.site', 'asJH12', 28),
       ('4PT2', 'kilk@otlaecc.com', 'BB3456', 27),
       ('Pagjo', 'deberose6@3kk43.com', 'Cc1234O', 18),
       ('453xPprY', 'icthh123@drhinoe.com', 'Aa123O6', 33),
       ('44bv', 'tonbo44@txtim.site', 'asJH12O', 20),
       ('436hFc', '96cady12@baanr.com', 'BBa234P6', 38),
       ('4e33j', 'wap91@visieonl.com', 'abDFP54', 39);

INSERT INTO Premiumnutzer
VALUES ('aPLaPYmYbtD', '2020-01-06 04:19:08'),
       ('ZsBtLZkEDXy','2020-06-27 12:34:24'),
       ('wYKqgEW', '2020-04-13 13:35:21'),
       ('DXDk7ag', '2020-11-01 16:20:34'),
       ('W0w9SzwuLKX3o', '2020-11-03 07:32:19'),
       ('9eVrcN6DCjuxw', '2020-05-11 16:05:52'),
       ('0F6p99E2ihzQc', '2021-09-24 13:42:21'),
       ('ulgv4Pxtc8Giq', '2021-02-17 10:04:48'),
       ('dJZh3shDeJ9', '2021-08-28 02:40:24'),
       ('5Dwehd^Vzqu*M', '2020-12-14 06:33:36'),
       ('zuPT2', '2020-12-14 06:33:36'),
       ('YJUwuvNTweyPa', '2021-05-29 14:00:48'),
       ('Nbf2YKPprY', '2020-06-28 23:50:30'),
       ('TezDj7XbEv', '2020-02-12 23:29:46'),
       ('9sENzAhFc', '2020-07-08 22:13:19'),
       ('RmCMEe2eZ33j', '2020-01-02 03:53:15'),
       ('EjUfE3wMWJSreqGs5p', '2020-08-19 16:18:57'),
       ('GkU93RUBsAkhMmnZyq', '2021-05-11 15:23:13'),
       ('12314wYKqgEW', '2021-07-26 23:49:06'),
       ('9880DXDk7ag', '2021-06-24 11:55:01'),
       ('afaW0w9SzwuLKX3o', '2020-01-02 15:30:56'),
       ('349eVrcN6DCjxw', '2020-12-19 10:39:32'),
       ('5520F6p992ihzQc', '2021-08-18 16:50:14'),
       ('153ulgPxtc8Giq', '2020-10-01 13:56:16'),
       ('asddJZh3shDeJ9', '2020-06-13 18:21:19'),
       ('345Dwehd^Vzqu*M', '2021-03-03 09:51:52'),
       ('!uPT2', '2020-08-05 01:21:37'),
       ('3YJUwuvNTweyPa', '2020-07-05 01:21:37'),
       ('sNbfKPprY', '2020-06-02 04:49:22'),
       ('!Tej7XbEv', '2021-05-02 04:49:22'),
       ('h9ENzAhFc', '2021-10-05 09:20:10');

INSERT INTO Kuenstler
VALUES('Veggie S','EjUfE3wMWJSreqGs5p'),
      ('Sify Music','h9ENzAhFc'),
      ('S In Color','sNbfKPprY'),
      ('The S','345Dwehd^Vzqu*M'),
      ('My S','afaW0w9SzwuLKX3o'),
      ('Surefire S','ulgv4Pxtc8Giq'),
      ('Hypermusic','9eVrcN6DCjuxw'),
      ('A Sons','ZsBtLZkEDXy'),
      ('Enchanted A','153ulgPxtc8Giq'),
      ('Mystical A','12314wYKqgEW'),
      ('A Spain','dJZh3shDeJ9'),
      ('Cutesy A','wYKqgEW'),
      ('O''S Home','DXDk7ag'),
      ('The Atomic Number 76 Music','TezDj7XbEv'),
      ('Music Artist N More','9880DXDk7ag'),
      ('Progressive O','RmCMEe2eZ33j'),
      ('Woe O','!uPT2'),
      ('Designer O','zuPT2'),
      ('Automusic Artist','Nbf2YKPprY'),
      ('Lively O','asddJZh3shDeJ9'),
      ('O And Tasty','YJUwuvNTweyPa'),
      ('Owise Music','0F6p99E2ihzQc'),
      ('Eau O Music Artist','GkU93RUBsAkhMmnZyq'),
      ('Oful Music Artist','9sENzAhFc');

INSERT INTO Playlist
VALUES (1, false, 'ChristmasSongs', 'a.png', 'wYKqgEW'),
       (2, true, 'K-POP', 'awrwe.png', 'TezDj7XbEv'),
       (3, false, 'TOP100', 'awrw.png', 'aPLaPYmYbtD'),
       (4, true, 'LOVESTORY', 'erw.png', '9sENzAhFc'),
       (5, true, 'GERMANTOP100', 'h.png', 'aPLaPYmYbtD'),
       (6, false, 'JasonMraz', 't.png', 'EjUfE3wMWJSreqGs5p'),
       (7, true, 'Radio', 'e.png', 'aPLaPYmYbtD'),
       (8, true, 'Sia', 'w.png', '9880DXDk7ag'),
       (9, false, 'LemonTree', 'q.png', '9880DXDk7ag'),
       (10, true, 'Maroon5', 'y.png', '9880DXDk7ag');

INSERT INTO Gerne
VALUES('Pop'),
      ('Rock'),
      ('HipHop'),
      ('Metal'),
      ('Jazz'),
      ('House'),
      ('ElectroPop'),
      ('Funk'),
      ('Dubstep'),
      ('Classic'),
      ('Blues'),
      ('NewAge'),
      ('Acoustic'),
      ('Folk'),
      ('Dance'),
      ('Reggae');

INSERT INTO Titel
VALUES(1, '03:23:00', 'Shivers', 'a.mp3','A.mp3','Dance'),
      (2, '02:23:00', 'Cold Heart', 'b.mp3','B.mp3','Folk'),
      (3, '03:40:00', 'Heat Waves', 'c.mp3','C.mp3','House'),
      (4, '02:11:00', 'Do It To It', 'd.mp3','D.mp3','Classic'),
      (5, '03:13:00', 'Where Are You Now', 'e.mp3','E.mp3','Dance'),
      (6, '02:10:00', 'High', 'f.mp3','F.mp3','Dubstep'),
      (7, '03:41:00', 'Stay', 'g.mp3','G.mp3','ElectroPop'),
      (8, '02:48:00', 'Easy On Me', 'h.mp3','H.mp3','Funk'),
      (9, '03:11:00', 'Bad Habits', 'i.mp3','I.mp3','House'),
      (10, '02:41:00', 'Paris Freestyle', 'j.mp3','J.mp3','ElectroPop');



INSERT INTO kommentiert
VALUES('DXDk7ag',1,'nice'),
      ('W0w9SzwuLKX3o',1,'very good'),
      ('0F6p99E2ihzQc',2,'excellent'),
      ('0F6p99E2ihzQc',3,'brilliant'),
      ('ulgv4Pxtc8Giq',4,'so so'),
      ('dJZh3shDeJ9',5,'not bad'),
      ('5Dwehd^Vzqu*M',6,'horrible'),
      ('zuPT2',1,'good'),
      ('YJUwuvNTweyPa',7,'nice'),
      ('YJUwuvNTweyPa',8,'nice'),
      ('EjUfE3wMWJSreqGs5p',9,'shit'),
      ('afaW0w9SzwuLKX3o',10,'shit');

INSERT INTO enthaelt
VALUES(1,1),
      (1,2),
      (1,3),
      (1,4),
      (1,5),
      (2,1),
      (3,1),
      (3,2),
      (4,2),
      (4,5),
      (4,6),
      (5,2),
      (5,3),
      (5,5),
      (5,8),
      (6,1),
      (7,1),
      (8,1),
      (9,1),
      (10,1),
      (6,4),
      (7,4),
      (8,5),
      (8,6),
      (8,7),
      (9,10);

INSERT INTO empfehlt
VALUES('Dubstep','Jazz'),
      ('Jazz','House'),
      ('House','Metal'),
      ('ElectroPop','Pop'),
      ('Funk','Reggae'),
      ('Classic','Jazz'),
      ('HipHop','Reggae'),
      ('Blues','Jazz'),
      ('NewAge','House'),
      ('Rock','ElectroPop'),
      ('Acoustic','Jazz'),
      ('Reggae','Jazz'),
      ('Pop','Jazz'),
      ('Metal','Jazz');

INSERT INTO Kuenstler_veroeffentlicht_Titel
VALUES ('Veggie S',1),
       ('Veggie S',2),
       ('Veggie S',3),
       ('Veggie S',4),
       ('Veggie S',5),
       ('Mystical A',9),
       ('S In Color',2),
       ('Music Artist N More',7),
       ('Progressive O',7),
       ('Woe O',10),
       ('O And Tasty',7),
       ('Eau O Music Artist',10),
       ('Mystical A',6),
       ('Mystical A',8);

INSERT INTO bewertet
VALUES('ulgv4Pxtc8Giq', 1, 10),
      ('ulgv4Pxtc8Giq', 6, 6),
      ('ulgv4Pxtc8Giq', 7, 7),
      ('DXDk7ag', 1, 6),
      ('DXDk7ag', 2, 5),
      ('DXDk7ag', 3, 7),
      ('DXDk7ag', 8, 9),
      ('W0w9SzwuLKX3o',7 ,6 ),
      ('W0w9SzwuLKX3o', 8, 9),
      ('W0w9SzwuLKX3o', 9, 10),
      ('W0w9SzwuLKX3o',10 , 5),
      ('0F6p99E2ihzQc',4 , 4),
      ('0F6p99E2ihzQc', 1, 6),
      ('0F6p99E2ihzQc', 5, 6),
      ('W0w9SzwuLKX3o', 3, 6),
      ('W0w9SzwuLKX3o', 6, 3),
      ('zuPT2',6 , 8),
      ('zuPT2', 7 , 9),
      ('YJUwuvNTweyPa',5 , 8),
      ('afaW0w9SzwuLKX3o', 9, 5);

BEGIN;
INSERT INTO Kuenstler_bestehtAus_Band
VALUES('Veggie S', 'Apple'),
      ('Sify Music', 'Apple'),
      ('S In Color', 'Pear'),
      ('The S', 'Pear'),
      ('My S', 'Pear'),
      ('Surefire S', 'Apple'),
      ('Hypermusic', 'Banana'),
      ('Enchanted A', 'Banana'),
      ('O''S Home', 'Banana'),
      ('The Atomic Number 76 Music', 'Banana'),
      ('Music Artist N More', 'Banana'),
      ('Woe O', 'Watermelon'),
      ('O And Tasty', 'Watermelon'),
      ('Owise Music', 'Watermelon'),
      ('Designer O', 'Strawberry'),
      ('Automusic Artist', 'Strawberry');

INSERT INTO Band
VALUES ('Apple','apple'),
       ('Pear','pear'),
       ('Banana','banana'),
       ('Watermelon','watermelon'),
       ('Strawberry','strawberry');

COMMIT;

BEGIN;
INSERT INTO Kuenstler_veroeffentlicht_Album
VALUES ('Cutesy A', 1),
       ('A Spain', 2),
       ('A Sons', 3),
       ('Enchanted A', 4),
       ('Mystical A', 5);

INSERT INTO Album
VALUES (1,'1994-05-21 12:00:12','HELLO'),
       (2,'2000-12-21 10:40:12','HI'),
       (3,'2009-02-11 11:40:12','HAPPY'),
       (4,'2005-11-01 09:40:12','SERVICE'),
       (5,'2010-10-11 10:40:12','FUCK');

COMMIT;

BEGIN;
INSERT INTO Band_veroeffentlicht_Album
VALUES ('Apple', 6),
       ('Banana', 7),
       ('Pear', 8),
       ('Strawberry', 9),
       ('Watermelon', 10);

INSERT INTO Album
VALUES (6,'1994-05-21 12:00:12','HELLO1'),
       (7,'2000-12-21 10:40:12','HI1'),
       (8,'2009-02-11 11:40:12','HAPPY1'),
       (9,'2005-11-01 09:40:12','SERVICE1'),
       (10,'2010-10-11 10:40:12','FUCK1');

COMMIT;

INSERT INTO Album_bestehtAus_Titel
VALUES (1,1),
       (1,2),
       (1,3),
       (1,4),
       (2,1),
       (2,2),
       (2,3),
       (2,4),
       (3,6),
       (3,7),
       (4,3),
       (4,9),
       (5,6),
       (5,7),
       (5,3),
       (6,9),
       (7,7),
       (8,5),
       (9,9),
       (10,7),
       (10,3),
       (10,10);






